<environment type = "Cave" name = "Bracken Cave">
    <entity type="Producers" name="Corn" species = "Zea mays saccharata" amount = "1000">
    </entity>
    <entity type="Producers" name="Cotton" species = "Gossypium hirsutum" amount = "1000">
    </entity>
    <entity type="Consumers" name="Corn earworm" species = "Helicoverpa zea" amount = "50">
    </entity>
    <entity type="Consumers" name="Cotton Bollworm" species = "Helicoverpa zea" amount = "1300">
    </entity>
    <entity type="Consumers" name="Brazilian free-tailed bat" species = "Tadarida brasiliensis" amount = "10">
    </entity>
    <entity type="Consumers" name="Red-tailed hawk" species = "Buteo jamaicensis" amount = "1">
    </entity>
    <entity type="Decomposers" name="Dermestid beetle" species = "Dermestes carnivora" amount = "2">
    </entity>
    <entity type="Decomposers" name="Guano Beetle" species = "Jacobsoniidae" amount = "2">
    </entity>
    <entity type="Player" name="Anonymous Player" species = "Human" amount = "1">
    </entity>
    <entity type="Vendor" name="Unknown" species = "Human" amount = "1">
    </entity>
</environment>

 